[
  {
    "Titulo": "el resplandor",
    "Autor": "sthepen king",
    "Paginas": 195,
    "Editorial": "caleña",
    "Idioma": "Español/english"
  },
  {
    "Titulo": "carros al vacio",
    "Autor": "pachito",
    "Paginas": 300,
    "Editorial": "coloma",
    "Idioma": "Español"
  },
  {
    "Titulo": "futbol mundial: lorenzo hace historia;colombia gana el mundial",
    "Autor": "anderson vladimir",
    "Paginas": 35,
    "Editorial": "enlacasa",
    "Idioma": "español/english"
  }
]
